SelfId,iQuestId,iLimitMSec,strTitle,strAnswer00,strAnswer01,strAnswer02,strAnswer03,strAnswer04,iPosX00,iPosY00,strText00,iPosX01,iPosY01,strText01,iPosX02,iPosY02,strText02,iPosX03,iPosY03,strText03,iPosX04,iPosY04,strText04,iPosX05,iPosY05,strText05,iPosX06,iPosY06,strText06,iPosX07,iPosY07,strText07,iPosX08,iPosY08,strText08,iPosX09,iPosY09,strText09,iPosX10,iPosY10,strText10,iPosX11,iPosY11,strText11,iPosX12,iPosY12,strText12,iPosX13,iPosY13,strText13,iPosX14,iPosY14,strText14
55,0,20000,千棘是怎样的存在？,领袖,达令,,,,584,199,袖,199,378,达,319,193,领,572,383,令,0,0,,0,0,,0,0,,0,0,,0,0,,0,0,,0,0,,0,0,,0,0,,0,0,,0,0,
63,1,10000,想听到感谢的话吗？,非常感谢,,,,,221,195,非,223,433,常,654,195,感,642,446,谢,0,0,,0,0,,0,0,,0,0,,0,0,,0,0,,0,0,,0,0,,0,0,,0,0,,0,0,
76,2,20000,叫我的名字啊！,小玉酱,小酱玉,酱小玉,,,282,408,小,623,405,玉,455,130,酱,0,0,,0,0,,0,0,,0,0,,0,0,,0,0,,0,0,,0,0,,0,0,,0,0,,0,0,,0,0,
84,3,20000,那就由我……,来教你,,,,,190,196,导,130,480,教,420,140,来,730,360,你,0,0,,0,0,,0,0,,0,0,,0,0,,0,0,,0,0,,0,0,,0,0,,0,0,,0,0,
90,4,0,我要选的是……,千棘,美棘,,,,270,433,棘,632,430,美,453,167,千,0,0,,0,0,,0,0,,0,0,,0,0,,0,0,,0,0,,0,0,,0,0,,0,0,,0,0,,0,0,
97,5,0,想表达的是……,待在我的身边吧,,,,,100,300,待,228,300,在,356,300,我,484,300,的,612,300,身,740,300,边,868,300,吧,0,0,,0,0,,0,0,,0,0,,0,0,,0,0,,0,0,,0,0,
106,6,20000,小咲的治疗……,非常棒,,,,,278,417,常,606,415,棒,451,156,非,0,0,,0,0,,0,0,,0,0,,0,0,,0,0,,0,0,,0,0,,0,0,,0,0,,0,0,,0,0,
111,7,20000,新的日式点心……,让人期待,让人煎熬,,,,120,250,让,250,400,人,800,400,熬,560,450,待,380,190,期,700,200,煎,0,0,,0,0,,0,0,,0,0,,0,0,,0,0,,0,0,,0,0,,0,0,
116,8,20000,我绝对会……,找到她的,,,,,550,155,她,260,440,到,180,240,找,770,320,的,0,0,,0,0,,0,0,,0,0,,0,0,,0,0,,0,0,,0,0,,0,0,,0,0,,0,0,
120,9,20000,你想画什么样的诚士郎？,威风凌凌,,,,,780,410,凌,210,450,凌,300,200,威,670,180,风,0,0,,0,0,,0,0,,0,0,,0,0,,0,0,,0,0,,0,0,,0,0,,0,0,,0,0,
123,10,20000,誠士郎本身就……,可爱,可惜,,,,450,145,可,624,426,惜,287,426,爱,0,0,,0,0,,0,0,,0,0,,0,0,,0,0,,0,0,,0,0,,0,0,,0,0,,0,0,,0,0,
128,11,20000,作为千棘的随从……,合格了,,,,,269,415,了,301,192,合,627,432,格,0,0,,0,0,,0,0,,0,0,,0,0,,0,0,,0,0,,0,0,,0,0,,0,0,,0,0,,0,0,
132,12,20000,我会把你的一切……,都接受下来,,,,,440,130,下,260,440,受,740,210,接,110,280,都,550,480,来,0,0,,0,0,,0,0,,0,0,,0,0,,0,0,,0,0,,0,0,,0,0,,0,0,
136,13,20000,万里花做的料理……,我开动了,,,,,266,364,开,359,183,我,600,393,了,690,193,动,0,0,,0,0,,0,0,,0,0,,0,0,,0,0,,0,0,,0,0,,0,0,,0,0,,0,0,
141,14,20000,以『Jie』开头的词是…,结婚,警察,,,,276,196,结,653,203,察,282,407,警,614,403,婚,0,0,,0,0,,0,0,,0,0,,0,0,,0,0,,0,0,,0,0,,0,0,,0,0,,0,0,
147,15,20000,万里花所追求的是……,接吻,喜欢,,,,300,240,接,599,416,吻,601,236,喜,318,419,欢,0,0,,0,0,,0,0,,0,0,,0,0,,0,0,,0,0,,0,0,,0,0,,0,0,,0,0,
153,16,20000,所谓猫耳是指！,人生,财源,,,,200,240,狐,760,240,源,200,400,财,760,400,生,380,130,人,580,130,狸,380,470,啊,580,470,月,0,0,,0,0,,0,0,,0,0,,0,0,,0,0,,0,0,
160,17,20000,我真的……,没有做过,,,,,150,450,做,320,250,没,580,410,有,880,345,啊,655,200,过,0,0,,0,0,,0,0,,0,0,,0,0,,0,0,,0,0,,0,0,,0,0,,0,0,
165,18,20000,创造了这个世界的词汇是……,眼镜娘,,,,,510,320,子,240,430,娘,820,420,女,750,200,镜,170,240,眼,0,0,,0,0,,0,0,,0,0,,0,0,,0,0,,0,0,,0,0,,0,0,,0,0,
168,19,20000,你在说什么？,我要按摩,,,,,170,240,我,520,140,想,770,230,按,600,440,摩,330,410,要,0,0,,0,0,,0,0,,0,0,,0,0,,0,0,,0,0,,0,0,,0,0,,0,0,
175,99,6000,对我们来说，快乐是……,重要的,,,,,841,156,如,82,405,要,854,410,的,79,155,重,0,0,,0,0,,0,0,,0,0,,0,0,,0,0,,0,0,,0,0,,0,0,,0,0,,0,0,
178,100,30000,テスト：正解単語５個,リーダー,ダーリン,リンダー,ダーリー,リンリン,550,299,リ,85,451,ダ,871,231,ー,228,220,ー,760,452,ン,353,427,リ,550,126,ン,0,0,,0,0,,0,0,,0,0,,0,0,,0,0,,0,0,,0,0,
183,101,30000,テスト：２文字,あい,,,,,267,258,あ,721,266,い,0,0,,0,0,,0,0,,0,0,,0,0,,0,0,,0,0,,0,0,,0,0,,0,0,,0,0,,0,0,,0,0,
186,102,30000,テスト：３文字,こさき,ちとげ,,,,767,196,こ,201,256,さ,762,411,き,535,108,ち,520,336,と,309,460,げ,0,0,,0,0,,0,0,,0,0,,0,0,,0,0,,0,0,,0,0,,0,0,
189,103,0,テスト：制限時間なし,リーダー,,,,,634,149,リ,138,385,ダ,754,359,ー,319,193,ー,511,397,ン,0,0,,0,0,,0,0,,0,0,,0,0,,0,0,,0,0,,0,0,,0,0,,0,0,
