point,str,str_id,x,y,char
7600,TEXTURE0001,120,315,43,ガ
7664,TEXTURE0002,121,357,43,ク
7728,TEXTURE0003,122,489,43,ア
7792,TEXTURE0006,123,228,43,オ
7856,word_ru,124,488,2,ル
7920,TEXTURE0015,125,532,2,バ
7984,word_mu,126,575,2,ム
8048,TEXTURE0024,127,445,43,キ
8112,TEXTURE0045,128,445,2,ア
8176,word_a,129,273,2,ア
8240,word_ba,130,402,2,バ
8304,word_bi,131,360,2,ビ
8368,word_ga,132,315,43,ガ
8432,word_gi,133,57,2,ギ
8496,word_i,134,230,2,ー
8560,word_ki,135,445,43,キ
8624,word_ko,136,56,43,コ
8688,word_ku,137,357,43,ク
8752,word_me,138,98,43,メ
8816,word_n,139,141,43,ン
8880,word_nu,140,402,43,ヌ
8944,word_o,141,228,43,オ
9008,word_ra,142,142,2,ラ
9072,word_ri,143,186,2,リ
9136,word_shi,144,531,43,シ
9200,word_so,145,315,2,ソ
9264,word_to,146,187,43,ト
9328,word_ya,147,99,2,ヤ