str_point,txos_point,origin_str,new_str,ch,str_id,txos_id,lay2_ptrs,x,y
0x0001F627,0x20f0,word_gi,w_jian_,鉴,133,129,"0x45f4,0xa064,0xb094,0xd2f4,0x12ef4,0x1ace4,0x1b154",57,2
0x0001F695,0x2470,word_ya,w_shang,赏,147,143,"0x4624,0xa094,0xb0c4,0xd324,0x12f24,0x1ad14,0x1b184",99,2
0x0001F66C,0x2330,word_ra,w_mo___,模,142,138,"0x4654,0xa0c4,0xb0f4,0xd354,0x12f54,0x1ad44,0x1b1b4",141,2
0x0001F674,0x2370,word_ri,w_shi__,式,143,139,"0x4684,0xa0f4,0xb124,0xd384,0x12f84,0x1ad74,0x1b1e4",183,2
0x0001F62F,0x2130,word_i,w_gap_,　,134,130,"0x46b4,0xa124,0xb154,0xd3b4,0x12fb4,0x1ada4,0x1b214,0x4774,0xa184,0xa1b4,0x10fb4,0x18c84,0x18bc4",230,2
0x0001F608,0x1ff0,word_a,w_lian,恋,129,125,"0xd3e4,0x12fe4",393,2
0x0001F5D4,0x1eb0,word_ru,w_ai___,爱,124,120,"0xd414,0x13014",435,2
0x0001F60F,0x2030,word_ba,w_xiang,相,130,126,0xd444,477,2
0x0001F5E8,0x1f30,word_mu,w_ce___,册,126,122,0xd474,519,2
0x0001F665,0x22f0,word_o,w_qu__,曲,141,137,0x13044,140,43
0x0001F656,0x2270,word_n,w_diao,调,139,135,0x13074,182,43
0x0001F61F,0x20b0,word_ga,w_xiao_,小,132,128,"0x46e4,0x10f24,0x18b34",267,2
0x0001F646,0x21f0,word_ku,w_you__,游,137,133,"0x4714,0x10f54,0x11044,0x18b64",309,2
0x0001F685,0x23f0,word_so,w_xi___,戏,145,141,"0x4744,0x10f84,0x11074,0x18b94",351,2
0x0001F617,0x2070,word_bi,w_qian_,潜,131,127,0x10fe4,224,43
0x0001F65D,0x22b0,word_nu,w_xing_,行,140,136,0x11014,266,43
0x0001F636,0x2170,word_ki,w_chou_,抽,135,131,0x18bf4,309,43
0x0001F67C,0x23b0,word_shi,w_gui___,鬼,144,140,0x18c24,351,43
0x0001F63E,0x21b0,word_ko,w_pai__,牌,136,132,0x18c54,393,43
0x0001F64E,0x2230,word_me,w_sui__,随,138,134,0xa154,56,43
0x0001F68D,0x2430,word_to,w_tan__,谈,146,142,0xa1e4,98,43
