offset,string,translate
0x0574,SelfId,
0x0578,begin_day,
0x057C,end_day,
0x0580,map_select,
0x0584,place_id,
0x0588,drop_over_0,
0x058C,drop_under_0,
0x0590,drop_over_1,
0x0594,drop_under_1,
0x0598,drop_over_2,
0x059C,drop_under_2,
0x05A0,drop_over_3,
0x05A4,drop_under_3,
0x05A8,drop_over_4,
0x05AC,drop_under_4,
0x05B0,clear_event1,
0x05B4,clear_event2,
0x05B8,clear_event3,
0x05BC,adv_flag_lock,
0x05C0,adv_flag_open,
0x05C4,event_list_id,
0x05C8,all_time,
0x05CC,R_MapSelectctg00,
0x05D0,R_MapSelectctg01,
0x05D4,R_MapSelectctg02,
0x05D8,R_MapSelectctg03,
0x05DC,R_MapSelectctg04,
0x05E0,R_MapSelectctg05,
0x05E4,R_MapSelectctg06,
0x05E8,R_MapSelectctg07,
0x05EC,R_MapSelectctg08,
0x05F0,R_MapSelectctg09,
0x05F4,R_MapSelectctg10,
0x05F8,R_MapSelectctg11,
0x05FC,R_MapSelectctg12,
0x0600,R_MapSelectctg13,
0x0604,R_MapSelectctg14,
0x0608,R_MapSelectctg15,
0x060C,R_MapSelectctg16,
0x0610,R_MapSelectctg17,
0x0614,R_MapSelectctg18,
0x0618,R_MapSelectctg19,
0x061C,R_MapSelectctg20,
0x0620,R_MapSelectctg21,
0x0624,R_MapSelectctg22,
0x0628,R_MapSelectctg23,
0x062C,R_MapSelectctg24,
0x0630,R_MapSelectctg25,
0x0634,R_MapSelectctg26,
0x0638,R_MapSelectctg27,
0x063C,R_MapSelectctg28,
0x0640,R_MapSelectksk00,
0x0644,R_MapSelectksk01,
0x0648,R_MapSelectksk02,
0x064C,R_MapSelectksk03,
0x0650,R_MapSelectksk04,
0x0654,R_MapSelectksk05,
0x0658,R_MapSelectksk06,
0x065C,R_MapSelectksk07,
0x0660,R_MapSelectksk08,
0x0664,R_MapSelectksk09,
0x0668,R_MapSelectksk10,
0x066C,R_MapSelectksk11,
0x0670,R_MapSelectksk12,
0x0674,R_MapSelectksk13,
0x0678,R_MapSelectksk14,
0x067C,R_MapSelectksk15,
0x0680,R_MapSelectksk16,
0x0684,R_MapSelectksk17,
0x0688,R_MapSelectksk18,
0x068C,R_MapSelectksk19,
0x0690,R_MapSelectksk20,
0x0694,R_MapSelectksk21,
0x0698,R_MapSelectksk22,
0x069C,R_MapSelectksk23,
0x06A0,R_MapSelectksk24,
0x06A4,R_MapSelectksk25,
0x06A8,R_MapSelectksk26,
0x06AC,R_MapSelectksk27,
0x06B0,R_MapSelectksk28,
0x06B4,R_MapSelectksk29,
0x06B8,R_MapSelectksk30,
0x06BC,R_MapSelectssr00,
0x06C0,R_MapSelectssr01,
0x06C4,R_MapSelectssr02,
0x06C8,R_MapSelectssr03,
0x06CC,R_MapSelectssr04,
0x06D0,R_MapSelectssr05,
0x06D4,R_MapSelectssr06,
0x06D8,R_MapSelectssr07,
0x06DC,R_MapSelectssr08,
0x06E0,R_MapSelectssr09,
0x06E4,R_MapSelectssr10,
0x06E8,R_MapSelectssr11,
0x06EC,R_MapSelectssr12,
0x06F0,R_MapSelectssr13,
0x06F4,R_MapSelectssr14,
0x06F8,R_MapSelectssr15,
0x06FC,R_MapSelectssr16,
0x0700,R_MapSelectssr17,
0x0704,R_MapSelectssr18,
0x0708,R_MapSelectssr19,
0x070C,R_MapSelectssr20,
0x0710,R_MapSelectssr21,
0x0714,R_MapSelectssr22,
0x0718,R_MapSelectssr23,
0x071C,R_MapSelectssr24,
0x0720,R_MapSelectssr25,
0x0724,R_MapSelectssr26,
0x0728,R_MapSelectssr27,
0x072C,R_MapSelectssr28,
0x0730,R_MapSelectssr29,
0x0734,R_MapSelectmrk00,
0x0738,R_MapSelectmrk01,
0x073C,R_MapSelectmrk02,
0x0740,R_MapSelectmrk03,
0x0744,R_MapSelectmrk04,
0x0748,R_MapSelectmrk05,
0x074C,R_MapSelectmrk06,
0x0750,R_MapSelectmrk07,
0x0754,R_MapSelectmrk08,
0x0758,R_MapSelectmrk09,
0x075C,R_MapSelectmrk10,
0x0760,R_MapSelectmrk11,
0x0764,R_MapSelectmrk12,
0x0768,R_MapSelectmrk13,
0x076C,R_MapSelectmrk14,
0x0770,R_MapSelectmrk15,
0x0774,R_MapSelectmrk16,
0x0778,R_MapSelectmrk17,
0x077C,R_MapSelectmrk18,
0x0780,R_MapSelectmrk19,
0x0784,R_MapSelectmrk20,
0x0788,R_MapSelectmrk21,
0x078C,R_MapSelectmrk22,
0x0790,R_MapSelectmrk23,
0x0794,R_MapSelectmrk24,
0x0798,R_MapSelectmrk25,
0x079C,R_MapSelectmrk26,
0x07A0,R_MapSelectmrk27,
0x07A4,R_MapSelectmrk28,
0x07A8,R_MapSelectmrk29,
0x07AC,R_MapSelectrur00,
0x07B0,R_MapSelectrur01,
0x07B4,R_MapSelectrur02,
0x07B8,R_MapSelectrur03,
0x07BC,R_MapSelectrur04,
0x07C0,R_MapSelectrur05,
0x07C4,R_MapSelectrur06,
0x07C8,R_MapSelectrur07,
0x07CC,R_MapSelectrur08,
0x07D0,R_MapSelectrur09,
0x07D4,R_MapSelectrur10,
0x07D8,R_MapSelectrur11,
0x07DC,R_MapSelectrur12,
0x07E0,R_MapSelectrur13,
0x07E4,R_MapSelectrur14,
0x07E8,R_MapSelectrur15,
0x07EC,R_MapSelectrur16,
0x07F0,R_MapSelectrur17,
0x07F4,R_MapSelectrur18,
0x07F8,R_MapSelectrur19,
0x07FC,R_MapSelectano00,
0x0800,R_MapSelectano01,
0x0804,R_MapSelectano02,
0x0808,R_MapSelectano03,
0x080C,R_MapSelectano04,
0x0810,R_MapSelectano05,
0x0814,R_MapSelectano06,
0x0818,R_MapSelectano07,
0x081C,R_MapSelectano08,
0x0820,R_MapSelectano09,
0x0824,R_MapSelectano10,
0x0828,R_MapSelectano11,
0x082C,R_MapSelectano12,
0x0830,R_MapSelectano13,
0x0834,R_MapSelectano14,
0x0838,R_MapSelectano15,
0x083C,R_MapSelectano16,
0x0840,R_MapSelectano17,
0x0844,R_MapSelectano18,
0x0848,R_MapSelectano19,
0x084C,R_MapSelectano20,
0x0850,R_MapSelectano21,
0x0854,R_MapSelectano22,
0x0858,R_MapSelectano23,
0x085C,R_MapSelectano24,
0x0860,R_MapSelectano25,
0x0864,R_MapSelectano26,
0x0868,M,
0x086C,TABLE,
0x0870,GOP_TYPE,
0x0874,GOP_MapSelect,
0x0878,FILENAME,
0x087C,GOP_マップ選択.xls,
0x0880,EXPORT_FILE,
0x0884,gop_mapselect.gsv,
0x0888,CREATE_TIME,
0x088C,2013/11/14,
0x0890,EXPORT_TIME,
0x0894,2014/09/01 20:29,
0x0898,CREATOR,
0x089C,鈴木 裕海,
0x08A0,EXPORTER,
0x08A4,TSAKURAI,
0x08A8,ABOUT,
0x08AC,マップ選択画面,
0x08B0,FIELD,
0x08B4,INFO,
0x08B8,このGOPデータのID,
0x08BC,32bit符号付き整数,
0x08C0,enum定数,
0x08C4,"真偽値(true, false), ON/OFF, 1byte",
0x08C8,TYPE,
0x08CC,RecId,
0x08D0,Int32,
0x08D4,MAP_SELECT,
0x08D8,PLACE_ID,
0x08DC,bool,
0x08E0,NAME,
0x08E4,SAVE,
0x08E8,LANGUAGE,
0x08EC,USER,
0x08F0,EXTRA0,
0x08F4,EXTRA1,
0x08F8,EXTRA2,
0x08FC,EXTRA3,
0x0900,RECORD,
0x0904,ENUMNAME,
0x0908,ENDSWPSTR,
0x090C,iiiiiiiiiiiiiiiiiiiiic3c,
