code_point,data_point,char,new_char,ch
0x812ee4d8,0x002EE5B8,word_gi,w_jian_,鉴
0x812ee4e0,0x002EE5C0,word_ya,w_shang,赏
0x812ee4e8,0x002EE5C8,word_ra,w_mo___,模
0x812ee4f0,0x002EE5D0,word_ri,w_shi__,式
0x812ee4f8,0x002EE5D8,word_i,w_gap_,　
0x812ee500,0x002EE5E0,word_a,w_lian,恋
0x812ee508,0x002EE5E8,word_ru,w_ai___,爱
0x812ee510,0x002EE5F0,word_ba,w_xiang,相
0x812ee518,0x002EE5F8,word_mu,w_ce___,册
0x812ee520,0x002EE600,word_o,w_qu__,曲
0x812ee528,0x002EE608,word_n,w_diao,调
0x812ee530,0x002EE610,word_ga,w_xiao_,小
0x812ee538,0x002EE618,word_ku,w_you__,游
0x812ee540,0x002EE620,word_so,w_xi___,戏
0x812ee548,0x002EE628,word_bi,w_qian_,潜
0x812ee550,0x002EE630,word_nu,w_xing_,行
0x812ee558,0x002EE638,word_ki,w_chou_,抽
0x812ee560,0x002EE640,word_shi,w_gui___,鬼
0x812ee56c,0x002EE64C,word_ko,w_pai__,牌
0x812ee574,0x002EE654,word_me,w_sui__,随
0x812ee57c,0x002EE65C,word_to,w_tan__,谈
