point,origin_char,new_char
0x00319E6C,word_gi (ギ),【鉴】
0x00319E70,word_ya (ヤ),【赏】
0x00319E74,word_ra (ラ),【模】
0x00319E78,word_ri (リ),【式】
0x00319E7C,word_i  (ー),【　】
0x00319E80,word_a  (ア),【恋】
0x00319E84,word_ru (ル),【爱】
0x00319E88,word_ba (バ),【相】
0x00319E8C,word_mu (ム),【册】
0x00319E94,word_o  (オ),【恋】
0x00319E98,word_n  (ン),【爱】
0x00319E9C,word_ga (ガ),【曲】
0x00319EA0,word_ku (ク),【调】
0x00319EA8,word_a  (ア),【小】
0x00319EAC,word_so (ソ),【游】
0x00319EB0,word_bi (ビ),【戏】
0x00319EB4,word_ba (バ),【　】
0x00319EBC,word_nu (ヌ),【潜】
0x00319EC0,word_ki (キ),【行】
0x00319EC4,word_a  (ア),【游】
0x00319EC8,word_shi(シ),【戏】
0x00319ED0,word_ba (バ),【抽】
0x00319ED4,word_ba (バ),【鬼】
0x00319ED8,word_nu (ヌ),【牌】
0x00319EDC,word_ki (キ),【　】
0x00319EE4,word_ko (コ),【随】
0x00319EE8,word_me (メ),【　】
0x00319EEC,word_n  (ン),【　】
0x00319EF0,word_to (ト),【谈】